{
  "$schema": "./node_modules/@angular/cli/lib/config/schema.json",
  "version": 1,
  "newProjectRoot": "projects",

  "projects": {
    "magneto-webapp": {
      "root": "",
      "sourceRoot": "src",
      "projectType": "application",
      "prefix": "app",
      "schematics": {
        "@schematics/angular:component": {
          "styleext": "scss"
        }
      },
     
      "architect": {
        "build": {
          "builder": "@angular-devkit/build-angular:browser",
          "options": {
            "outputPath": "dist/",
            "index": "src/index.html",
            "main": "src/main.ts",
            "polyfills": "src/polyfills.ts",
            "tsConfig": "src/tsconfig.app.json",
            "assets": [
              "src/favicon.ico",
              "src/assets",
              "src/manifest.json"
            ],
            "stylePreprocessorOptions": {
              "includePaths": [
                "src"
              ]
            },
            "styles": [
              "src/styles.scss",
              "src/assets/vendor/pace/pace.css",
              "src/assets/vendor/mapbox-gl-geocoder.css",
              "./node_modules/ngx-toastr/toastr.css" 
            ],
            "scripts": [
              "./node_modules/lodash/lodash.js",
              "./node_modules/jquery/dist/jquery.min.js",
              "src/assets/vendor/pace/pace.min.js"
            ]
          },
          "configurations": {
            "production": {
              "fileReplacements": [
                {
                  "replace": "src/environments/environment.ts",
                  "with": "src/environments/environment.prod.ts"
                }
              ],
              "optimization": true,
              "outputHashing": "all",
              "sourceMap": false,
              "extractCss": true,
              "namedChunks": false,
              "aot": true,
              "extractLicenses": true,
              "vendorChunk": false,
              "buildOptimizer": true,
              "serviceWorker": true
            },
            "test": {
              "fileReplacements": [
                {
                  "replace": "src/environments/environment.ts",
                  "with": "src/environments/environment.test.ts"
                }
              ],
              "optimization": true,
              "outputHashing": "all",
              "sourceMap": false,
              "extractCss": true,
              "namedChunks": false,
              "aot": true,
              "extractLicenses": true,
              "vendorChunk": false,
              "buildOptimizer": true,
              "serviceWorker": true
            }
          }
        },
        "serve": {
          "builder": "@angular-devkit/build-angular:dev-server",
          "options": {
            "browserTarget": "magneto-webapp:build"
          },
          "configurations": {
            "production": {
              "browserTarget": "magneto-webapp:build:production"
            },
            "test": {
              "browserTarget": "magneto-webapp:build:test"
            }
          }
        },
        "extract-i18n": {
          "builder": "@angular-devkit/build-angular:extract-i18n",
          "options": {
            "browserTarget": "magneto-webapp:build"
          }
        },
        "lint": {
          "builder": "@angular-devkit/build-angular:tslint",
          "options": {
            "tsConfig": [
              "src/tsconfig.app.json",
              "src/tsconfig.spec.json"
            ],
            "exclude": [
              "**/node_modules/**"
            ]
          }
        }
      }
    }
  },
  "defaultProject": "magneto-webapp"
}